{"cameraMode":{"drawMode":0,"name":"Shaded","section":"Shading Mode"},"sceneLighting":true,"audioPlay":false,"sceneViewState":{"m_AlwaysRefresh":false,"showFog":true,"showSkybox":true,"showFlares":true,"showImageEffects":true,"showParticleSystems":true,"showVisualEffectGraphs":true,"m_FxEnabled":true},"in2DMode":false,"pivot":{"x":56.676631927490237,"y":6.537558555603027,"z":-6.539214611053467},"rotation":{"x":0.13024821877479554,"y":-0.053518008440732959,"z":0.007039256859570742,"w":0.9900147914886475},"size":1.5990078449249268,"orthographic":false}