{"cameraMode":{"drawMode":0,"name":"Shaded","section":"Shading Mode"},"sceneLighting":true,"audioPlay":false,"sceneViewState":{"m_AlwaysRefresh":false,"showFog":true,"showSkybox":true,"showFlares":true,"showImageEffects":true,"showParticleSystems":true,"showVisualEffectGraphs":true,"m_FxEnabled":true},"in2DMode":false,"pivot":{"x":18.75914764404297,"y":3.4774420261383058,"z":22.613582611083986},"rotation":{"x":0.20631174743175507,"y":0.4460507035255432,"z":-0.10649530589580536,"w":0.8643887639045715},"size":0.408936083316803,"orthographic":false}