{"cameraMode":{"drawMode":0,"name":"Shaded","section":"Shading Mode"},"sceneLighting":true,"audioPlay":false,"sceneViewState":{"m_AlwaysRefresh":false,"showFog":true,"showSkybox":true,"showFlares":true,"showImageEffects":true,"showParticleSystems":true,"showVisualEffectGraphs":true,"m_FxEnabled":true},"in2DMode":false,"pivot":{"x":51.77812194824219,"y":2.0794601440429689,"z":2.5441980361938478},"rotation":{"x":0.056464578956365588,"y":0.4501943290233612,"z":-0.028542058542370797,"w":0.890687108039856},"size":1.5990078449249268,"orthographic":false}